{
  "Author": "Kako5555",
  "Name": "Retainer Price Drop",
  "InternalName": "RetainerPriceDrop",
  "AssemblyVersion": "1.1.3.0",
  "Description": "Adds a 'Lower Prices' button to each retainer that automatically adjusts all their market listings to undercut competition.",
  "ApplicableVersion": "any",
  "Tags": [
    "retainer",
    "market",
    "utility"
  ],
  "DalamudApiLevel": 13,
  "LoadRequiredState": 0,
  "LoadSync": false,
  "CanUnloadAsync": false,
  "LoadPriority": 0,
  "Punchline": "Automatically lower all retainer market prices with one click",
  "AcceptsFeedback": true
}